{"cameraMode":{"drawMode":0,"name":"Shaded","section":"Shading Mode"},"sceneLighting":true,"audioPlay":false,"sceneViewState":{"m_AlwaysRefresh":false,"showFog":true,"showSkybox":true,"showFlares":true,"showImageEffects":true,"showParticleSystems":true,"showVisualEffectGraphs":true,"m_FxEnabled":true},"in2DMode":false,"pivot":{"x":-36.692832946777347,"y":15.240840911865235,"z":-30.990745544433595},"rotation":{"x":0.14690028131008149,"y":0.4249167740345001,"z":-0.07012700289487839,"w":0.8905410170555115},"size":7.241462707519531,"orthographic":true}